test_prop,test_age,test_gender,test_race,source_n,source_prop,fairface_n,fairface_prop,fairface_p_value,fairface_power,deepface_n,deepface_prop,deepface_p_value,deepface_power
age_bins,70-130,Female,White,4674,0.105477107402653,4539,0.0599250936329588,3.16917273797053e-15,0.999999770167098,3936,0,2.3878706815446e-97,1
genders,70-130,Female,White,887,0.555806087936866,397,0.685138539042821,1.68533121521041e-05,0.928071682897373,0,NA,NA,0
races,70-130,Female,White,638,0.772727272727273,408,0.666666666666667,0.00021294547913797,0.780082441425179,0,NA,NA,0
age_bins,70-130,Female,Asian,1942,0.0339855818743563,1895,0.0274406332453826,0.279914567687102,0.0366372497483845,2248,0,3.7560379353144e-18,1
genders,70-130,Female,Asian,183,0.360655737704918,107,0.485981308411215,0.0485612280631757,0.190131252535972,0,NA,NA,0
races,70-130,Female,Asian,638,0.103448275862069,408,0.127450980392157,0.272774679786182,0.0374436003528112,0,NA,NA,0
age_bins,70-130,Female,Black,2221,0.0220621341737956,1851,0.00648298217179903,7.96280923252811e-05,0.916834761513692,856,0,2.44253406822735e-05,0.999995581801331
genders,70-130,Female,Black,136,0.360294117647059,30,0.4,0.84217726762508,0.00557352813843457,0,NA,NA,0
races,70-130,Female,Black,638,0.0768025078369906,408,0.0294117647058824,0.00225106038826226,0.675140609622338,0,NA,NA,0
age_bins,70-130,Female,Indian,1742,0.0154994259471871,1100,0.0236363636363636,0.155758507407728,0.075785730920118,514,0,0.00908660782422535,0.977553119289805
genders,70-130,Female,Indian,54,0.5,48,0.541666666666667,0.824405983331128,0.00578170941566734,0,NA,NA,0
races,70-130,Female,Indian,638,0.0423197492163009,408,0.0637254901960784,0.162973197475044,0.0730850723299239,0,NA,NA,0
age_bins,70-130,Female,Other,942,0.00318471337579618,2173,0.0211688909341924,0.000387772729019803,0.947751684567392,1666,0,0.0884883961883159,0.421688309745586
genders,70-130,Female,Other,6,0.5,88,0.522727272727273,1,0.00316912701172271,0,NA,NA,0
races,70-130,Female,Other,638,0.00470219435736677,408,0.112745098039216,2.45315532518669e-15,0.999999992893994,0,NA,NA,0
age_bins,70-130,Female,All,11521,0.0553771374012672,11558,0.0353002249524139,2.8821003487461e-13,0.999994759986967,9220,0,3.58894465359971e-116,1
genders,70-130,Female,All,1266,0.503949447077409,670,0.608955223880597,1.28714304726078e-05,0.928542486698123,0,NA,NA,0
age_bins,70-130,Male,White,5547,0.0710293852532901,4746,0.0263379688158449,8.31548515239579e-25,0.999999999999998,5101,0,2.22031283058709e-83,1
genders,70-130,Male,White,887,0.444193912063134,397,0.314861460957179,1.68533121521043e-05,0.928071682897373,0,NA,NA,0
races,70-130,Male,White,628,0.627388535031847,262,0.477099236641221,4.70096719382534e-05,0.876566219586069,0,NA,NA,0
age_bins,70-130,Male,Asian,1644,0.0711678832116788,1594,0.034504391468005,4.82358763800349e-06,0.961328765063399,3546,0,2.15145107360004e-57,1
genders,70-130,Male,Asian,183,0.639344262295082,107,0.514018691588785,0.0485612280631757,0.190131252535972,0,NA,NA,0
races,70-130,Male,Asian,628,0.186305732484076,262,0.209923664122137,0.471432851568459,0.0153996666718417,0,NA,NA,0
age_bins,70-130,Male,Black,2337,0.0372272143774069,2130,0.00845070422535211,4.32844515034803e-10,0.999940719374178,2702,0,1.39662879158968e-23,1
genders,70-130,Male,Black,136,0.639705882352941,30,0.6,0.84217726762508,0.00557352813843457,0,NA,NA,0
races,70-130,Male,Black,628,0.138535031847134,262,0.0687022900763359,0.00466292678850348,0.575890334562935,0,NA,NA,0
age_bins,70-130,Male,Indian,2285,0.0118161925601751,1383,0.0159074475777296,0.369384947894863,0.0263539385137213,956,0,0.00156049794946101,0.996401869774996
genders,70-130,Male,Indian,54,0.5,48,0.458333333333333,0.824405983331128,0.00578170941566737,0,NA,NA,0
races,70-130,Male,Indian,628,0.0429936305732484,262,0.083969465648855,0.022524553889906,0.256933590958494,0,NA,NA,0
age_bins,70-130,Male,Other,768,0.00390625,2680,0.0156716417910448,0.0186485499958506,0.543600668232682,2528,0,0.0138659282783118,0.527119508062965
genders,70-130,Male,Other,6,0.5,88,0.477272727272727,0.999999999999999,0.00316912701172271,0,NA,NA,0
races,70-130,Male,Other,628,0.00477707006369427,262,0.16030534351145,2.45230048088347e-21,0.999999999894531,0,NA,NA,0
age_bins,70-130,Male,All,12581,0.0499165408155155,12533,0.0209048112981728,2.62885850019069e-35,1,14833,0,2.50173333827864e-166,1
genders,70-130,Male,All,1266,0.496050552922591,670,0.391044776119403,1.28714304726078e-05,0.928542486698124,0,NA,NA,0
age_bins,70-130,All,White,10221,0.0867821152529107,9285,0.0427571351642434,4.60571232315801e-35,1,9037,0,2.25406421885781e-180,1
races,70-130,All,White,1266,0.700631911532385,670,0.592537313432836,2.17001233052215e-06,0.962335808467304,0,NA,NA,0
age_bins,70-130,All,Asian,3586,0.051031790295594,3489,0.0306678131269705,2.05093385460789e-05,0.918068136662191,5794,0,5.72136318638667e-67,1
races,70-130,All,Asian,1266,0.144549763033175,670,0.159701492537313,0.411211183975143,0.0186200501563807,0,NA,NA,0
age_bins,70-130,All,Black,4558,0.0298376480912681,3981,0.00753579502637528,1.7371059072582e-13,0.999999747654853,3558,0,6.77322906796015e-25,1
races,70-130,All,Black,1266,0.107424960505529,670,0.0447761194029851,4.2599717324804e-06,0.981497239000137,0,NA,NA,0
age_bins,70-130,All,Indian,4027,0.0134094859697045,2483,0.0193314538864277,0.0773759107025526,0.128974937534743,1470,0,1.65262777177246e-05,0.999998336377543
races,70-130,All,Indian,1266,0.042654028436019,670,0.0716417910447761,0.00908000928385533,0.369580000485645,0,NA,NA,0
age_bins,70-130,All,Other,1710,0.00350877192982456,4853,0.0181331135380177,2.0592030734194e-05,0.992304304336208,4194,0,0.000704500132593473,0.877726671547701
races,70-130,All,Other,1266,0.004739336492891,670,0.13134328358209,2.48036252628489e-34,1,0,NA,NA,0
age_bins,70-130,All,All,24102,0.0525267612646253,24091,0.0278112158067328,2.825510439206e-43,1,24053,0,1.08105914131647e-283,1
age_bins,3-9,Female,White,4674,0.0789473684210526,4539,0.0914298303591099,0.0349103855720416,0.205914814312864,3936,0,3.68586783695636e-72,1
genders,3-9,Female,White,734,0.502724795640327,715,0.58041958041958,0.00356196230625126,0.501144853478976,0,NA,NA,0
races,3-9,Female,White,790,0.467088607594937,937,0.44290288153682,0.338462861428026,0.0249101511822455,0,NA,NA,0
age_bins,3-9,Female,Asian,1942,0.0762100926879506,1895,0.0960422163588391,0.0329207830791988,0.219154167443692,2248,0,4.98625779250527e-40,1
genders,3-9,Female,Asian,229,0.646288209606987,324,0.561728395061728,0.0563033553695517,0.167989936515654,0,NA,NA,0
races,3-9,Female,Asian,790,0.187341772151899,937,0.194236926360726,0.762907559323732,0.00503410518716434,0,NA,NA,0
age_bins,3-9,Female,Black,2221,0.025213867627195,1851,0.0356564019448947,0.0637405062691654,0.151706616863671,856,0,5.675285731734e-06,0.999999647203084
genders,3-9,Female,Black,105,0.533333333333333,119,0.554621848739496,0.85335431971434,0.00454902873778404,0,NA,NA,0
races,3-9,Female,Black,790,0.0708860759493671,937,0.0704375667022412,0.999999999999998,0.00301902626847659,0,NA,NA,0
age_bins,3-9,Female,Indian,1742,0.0619977037887486,1100,0.0809090909090909,0.063235070659135,0.145187055925343,514,0,1.44736008027291e-08,0.99999999999916
genders,3-9,Female,Indian,164,0.658536585365854,133,0.669172932330827,0.944655407182065,0.0035489473237092,0,NA,NA,0
races,3-9,Female,Indian,790,0.136708860759494,937,0.0949839914621131,0.00825690994756226,0.398100708079369,0,NA,NA,0
age_bins,3-9,Female,Other,942,0.115711252653928,2173,0.0851357570179475,0.0089437446816234,0.362101955149048,1666,0,4.89633817018454e-45,1
genders,3-9,Female,Other,139,0.784172661870504,310,0.596774193548387,0.000174044117476703,0.852216777028481,0,NA,NA,0
races,3-9,Female,Other,790,0.137974683544304,937,0.1974386339381,0.00132131786492809,0.632818068282548,0,NA,NA,0
age_bins,3-9,Female,All,11521,0.0685704365940457,11558,0.0810693891676761,0.000339298317622265,0.74014582980906,9220,0,1.50792488565336e-144,1
genders,3-9,Female,All,1371,0.576221735959154,1601,0.58525921299188,0.64515032125659,0.00702051516997786,0,NA,NA,0
age_bins,3-9,Male,White,5547,0.0658013340544438,4746,0.0632111251580278,0.622259109225037,0.00768882733855276,5101,0,3.88390569868242e-77,1
genders,3-9,Male,White,734,0.497275204359673,715,0.41958041958042,0.00356196230625126,0.501144853478976,0,NA,NA,0
races,3-9,Male,White,581,0.628227194492255,664,0.451807228915663,6.88811675733943e-10,0.999511314408975,0,NA,NA,0
age_bins,3-9,Male,Asian,1644,0.0492700729927007,1594,0.0890840652446675,1.06602303247341e-05,0.938420045388518,3546,0,8.55943911143141e-40,1
genders,3-9,Male,Asian,229,0.353711790393013,324,0.438271604938272,0.0563033553695517,0.167989936515654,0,NA,NA,0
races,3-9,Male,Asian,581,0.139414802065404,664,0.213855421686747,0.000827972873981962,0.686481197804962,0,NA,NA,0
age_bins,3-9,Male,Black,2337,0.0209670517757809,2130,0.0248826291079812,0.43847379274639,0.0182089432219687,2702,0,1.17344191740145e-13,0.999999999999876
genders,3-9,Male,Black,105,0.466666666666667,119,0.445378151260504,0.85335431971434,0.00454902873778401,0,NA,NA,0
races,3-9,Male,Black,581,0.0843373493975904,664,0.0798192771084337,0.85211247248394,0.00426554668326654,0,NA,NA,0
age_bins,3-9,Male,Indian,2285,0.024507658643326,1383,0.0318148951554591,0.225333107691909,0.0476132297325323,956,0,2.19104643583343e-06,0.999999897305218
genders,3-9,Male,Indian,164,0.341463414634146,133,0.330827067669173,0.944655407182065,0.0035489473237092,0,NA,NA,0
races,3-9,Male,Indian,581,0.0963855421686747,664,0.0662650602409639,0.0648477154187585,0.153880620966274,0,NA,NA,0
age_bins,3-9,Male,Other,768,0.0390625,2680,0.0466417910447761,0.426644307720192,0.0201118477527272,2528,0,1.57686411136501e-22,0.999999999988806
genders,3-9,Male,Other,139,0.215827338129496,310,0.403225806451613,0.000174044117476703,0.852216777028481,0,NA,NA,0
races,3-9,Male,Other,581,0.0516351118760757,664,0.188253012048193,6.10023396052362e-13,0.999999042120255,0,NA,NA,0
age_bins,3-9,Male,All,12581,0.0461807487481122,12533,0.0529801324503311,0.014167789510771,0.314041930457504,14833,0,9.91241196415624e-154,1
genders,3-9,Male,All,1371,0.423778264040846,1601,0.41474078700812,0.64515032125659,0.00702051516997786,0,NA,NA,0
age_bins,3-9,All,White,10221,0.0718129341551707,9285,0.0770059235325794,0.175753614348555,0.0562269407430022,9037,0,2.54480289633514e-148,1
races,3-9,All,White,1371,0.535375638220277,1601,0.446595877576515,1.66702082138563e-06,0.968896984813279,0,NA,NA,0
age_bins,3-9,All,Asian,3586,0.0638594534300056,3489,0.0928632846087704,6.81048949966798e-06,0.944032731824447,5794,0,6.89615835781961e-84,1
races,3-9,All,Asian,1371,0.167031363967907,1601,0.202373516552155,0.0154881818570457,0.312030941523834,0,NA,NA,0
age_bins,3-9,All,Black,4558,0.023036419482229,3981,0.0298919869379553,0.0562044796567314,0.159922684469377,3558,0,1.99527744488399e-19,1
races,3-9,All,Black,1371,0.0765864332603939,1601,0.0743285446595878,0.87071937493003,0.00380206671297376,0,NA,NA,0
age_bins,3-9,All,Indian,4027,0.0407251055376211,2483,0.0535642368103101,0.018758357139066,0.278170839614806,1470,0,8.1121011813164e-15,1
races,3-9,All,Indian,1371,0.11962071480671,1601,0.0830730793254216,0.00115240018157717,0.631616139700638,0,NA,NA,0
age_bins,3-9,All,Other,1710,0.0812865497076023,4853,0.0638780135998352,0.016558780965191,0.281743283881588,4194,0,3.83201074766215e-77,1
races,3-9,All,Other,1371,0.101385849744712,1601,0.193628981886321,3.69157110252227e-12,0.999985684216685,0,NA,NA,0
age_bins,3-9,All,All,24102,0.0568832462036346,24091,0.0664563529948944,1.36583910396998e-05,0.91978283214344,24053,0,9.20021088595054e-308,1
age_bins,10-19,Female,White,4674,0.114676936243047,4539,0.0687376074025116,3.20795388889442e-14,0.999998869650836,3936,0.0215955284552846,8.20680122247945e-62,1
genders,10-19,Female,White,968,0.553719008264463,644,0.484472049689441,0.00744413994896448,0.405147705504202,148,0.574324324324324,0.703128813864952,0.00655654693535277
races,10-19,Female,White,976,0.549180327868853,779,0.400513478818999,8.04054060995874e-10,0.99942722113834,233,0.36480686695279,6.15666196307819e-07,0.98376106959148
age_bins,10-19,Female,Asian,1942,0.0401647785787848,1895,0.0358839050131926,0.542807127020309,0.0116001303142442,2248,0.047153024911032,0.305237251666925,0.0312580658297444
genders,10-19,Female,Asian,118,0.661016949152542,128,0.53125,0.0523511590617499,0.187098695436697,265,0.4,4.02984938612307e-06,0.965184284053913
races,10-19,Female,Asian,976,0.0799180327868853,779,0.0872913992297818,0.639269495198907,0.00812137742005945,233,0.454935622317597,7.18852242023771e-46,1
age_bins,10-19,Female,Black,2221,0.0576316974335885,1851,0.0804970286331713,0.00475839817633469,0.462960280400797,856,0,1.50750966589647e-12,1
genders,10-19,Female,Black,233,0.549356223175966,253,0.588932806324111,0.430285954595804,0.0184904660264198,0,NA,NA,0
races,10-19,Female,Black,976,0.131147540983607,779,0.191270860077022,0.000761253018564329,0.673293540391866,233,0,1.01920396143423e-08,0.999999999999692
age_bins,10-19,Female,Indian,1742,0.0631458094144661,1100,0.0827272727272727,0.0563626865259841,0.156692586834384,514,0,1.03586075130879e-08,0.999999999999576
genders,10-19,Female,Indian,179,0.614525139664804,135,0.674074074074074,0.332212968556148,0.0303789936376569,1,0,0.819213313060217,0
races,10-19,Female,Indian,976,0.112704918032787,779,0.116816431322208,0.846730152216815,0.00408051469411472,233,0,1.53718676547816e-07,0.999999999933278
age_bins,10-19,Female,Other,942,0.131634819532909,2173,0.0731707317073171,2.64848019349021e-07,0.978542535878034,1666,0.0252100840336134,2.66838543693576e-26,0.999999999999944
genders,10-19,Female,Other,184,0.673913043478261,301,0.528239202657807,0.00219259688444309,0.588883577788508,82,0.51219512195122,0.0174309590211575,0.317068435503667
races,10-19,Female,Other,976,0.127049180327869,779,0.20410783055199,1.73997848489671e-05,0.915342749456011,233,0.180257510729614,0.0439693859690912,0.174345463732677
age_bins,10-19,Female,All,11521,0.0847148685009982,11558,0.0673992040145354,7.92451827228852e-07,0.97733563848546,9220,0.0252711496746204,1.94369663713719e-73,1
genders,10-19,Female,All,1682,0.58026159334126,1461,0.533196440793977,0.00894425909521042,0.375415634062443,496,0.469758064516129,1.70380756141161e-05,0.914981306207773
age_bins,10-19,Male,White,5547,0.0778799351000541,4746,0.0699536451748841,0.135835018665458,0.075635059143468,5101,0.0123505195059792,1.30953459550759e-57,1
genders,10-19,Male,White,968,0.446280991735537,644,0.515527950310559,0.00744413994896444,0.405147705504202,148,0.425675675675676,0.703128813864952,0.00655654693535273
races,10-19,Male,White,706,0.611898016997167,682,0.486803519061584,3.66146632025851e-06,0.957981636034281,263,0.239543726235741,1.3276034857617e-24,0.999999999999995
age_bins,10-19,Male,Asian,1644,0.024330900243309,1594,0.0376411543287327,0.0368752170388003,0.220674639121584,3546,0.044839255499154,0.000462226826455551,0.798379912678343
genders,10-19,Male,Asian,118,0.338983050847458,128,0.46875,0.0523511590617499,0.187098695436697,265,0.6,4.02984938612307e-06,0.965184284053912
races,10-19,Male,Asian,706,0.056657223796034,682,0.0879765395894428,0.031381725578303,0.241105286458627,263,0.604562737642586,6.50759941335617e-78,1
age_bins,10-19,Male,Black,2337,0.0449293966623877,2130,0.0488262910798122,0.585712518212048,0.00950129843530288,2702,0,2.56556641976061e-28,1
genders,10-19,Male,Black,233,0.450643776824034,253,0.411067193675889,0.430285954595804,0.0184904660264196,0,NA,NA,0
races,10-19,Male,Black,706,0.148725212464589,682,0.152492668621701,0.90358001382884,0.00356779878428625,263,0,7.66119026322981e-11,0.999999999999999
age_bins,10-19,Male,Indian,2285,0.0301969365426696,1383,0.0318148951554591,0.860093161291574,0.00412685326935117,956,0.00104602510460251,3.9023031097483e-07,0.999995100058101
genders,10-19,Male,Indian,179,0.385474860335196,135,0.325925925925926,0.332212968556148,0.0303789936376568,1,1,0.819213313060217,0
races,10-19,Male,Indian,706,0.0977337110481586,682,0.0645161290322581,0.0304490341908423,0.245019929373694,263,0.00380228136882129,1.04470236324863e-06,0.999981597383882
age_bins,10-19,Male,Other,768,0.078125,2680,0.0529850746268657,0.0114614919926084,0.31741706273573,2528,0.0158227848101266,3.44658631600049e-18,0.999998425706762
genders,10-19,Male,Other,184,0.326086956521739,301,0.471760797342193,0.00219259688444309,0.588883577788509,82,0.48780487804878,0.0174309590211575,0.317068435503667
races,10-19,Male,Other,706,0.084985835694051,682,0.208211143695015,1.25748335352903e-10,0.999875551873391,263,0.152091254752852,0.00333857818330118,0.47356514901667
age_bins,10-19,Male,All,12581,0.0561163659486527,12533,0.0544163408601293,0.574187661920625,0.00888599251998086,14833,0.0177307355221466,1.08333699694324e-65,1
genders,10-19,Male,All,1682,0.41973840665874,1461,0.466803559206023,0.00894425909521042,0.37541563406245,496,0.530241935483871,1.70380756141161e-05,0.914981306207774
age_bins,10-19,All,White,10221,0.0947069758340671,9285,0.0693591814754981,1.60226128633133e-10,0.999761769058972,9037,0.016377116299657,6.20373745824726e-119,1
races,10-19,All,White,1682,0.575505350772889,1461,0.440793976728268,6.36783434483228e-14,0.999997781890827,496,0.298387096774194,3.46141110136567e-27,1
age_bins,10-19,All,Asian,3586,0.0329057445621863,3489,0.0366867297219834,0.421966609657399,0.0179349409048249,5794,0.045736969278564,0.00271905934439154,0.559449707010592
races,10-19,All,Asian,1682,0.0701545778834721,1461,0.0876112251882272,0.0799912220593161,0.124197794862597,496,0.534274193548387,3.90164063475738e-125,1
age_bins,10-19,All,Black,4558,0.0511189118034226,3981,0.0635518713890982,0.0152250240288546,0.308903127020047,3558,0,3.1645218486773e-42,1
races,10-19,All,Black,1682,0.138525564803805,1461,0.173169062286105,0.00854295122916588,0.384667112602524,496,0,3.6607075887563e-18,1
age_bins,10-19,All,Indian,4027,0.0444499627514279,2483,0.0543697140555779,0.0792719602074233,0.120661512347501,1470,0.000680272108843537,1.40316597367713e-15,1
races,10-19,All,Indian,1682,0.106420927467301,1461,0.0924024640657084,0.212202619521225,0.0487759629130165,496,0.00201612903225806,2.33032837437224e-13,1
age_bins,10-19,All,Other,1710,0.107602339181287,4853,0.0620234906243561,8.16887231776626e-10,0.998140288326278,4194,0.0195517405817835,4.40114163360293e-49,1
races,10-19,All,Other,1682,0.109393579072533,1461,0.206023271731691,1.08597651622374e-13,0.999997026578161,496,0.165322580645161,0.00109476527818564,0.590034193639697
age_bins,10-19,All,All,24102,0.0697867396896523,24091,0.0606450541696069,5.22024360021713e-05,0.864045943220287,24053,0.020621128341579,2.52026941706303e-148,1
age_bins,0-2,Female,White,4674,0.0631151048352589,4539,0.0793126239259749,0.00284464043047893,0.523610306087799,3936,0,1.78798342038805e-57,1
genders,0-2,Female,White,549,0.537340619307832,685,0.525547445255474,0.722483165558224,0.00566895375286288,0,NA,NA,0
races,0-2,Female,White,1054,0.27988614800759,806,0.446650124069479,1.23823826396676e-13,0.999996434876449,0,NA,NA,0
age_bins,0-2,Female,Asian,1942,0.191555097837281,1895,0.127176781002639,6.75140701376113e-08,0.993880353737916,2248,0,2.8883755101268e-104,1
genders,0-2,Female,Asian,851,0.437132784958872,708,0.340395480225989,0.000122397658560029,0.826639222666088,0,NA,NA,0
races,0-2,Female,Asian,1054,0.352941176470588,806,0.299007444168734,0.0162903215647665,0.306148984618609,0,NA,NA,0
age_bins,0-2,Female,Black,2221,0.0189104007203962,1851,0.0199891950297137,0.89306323474795,0.00391901261294297,856,0,0.000105436131844851,0.999949960220047
genders,0-2,Female,Black,72,0.583333333333333,72,0.513888888888889,0.502959855252412,0.0166673341198365,0,NA,NA,0
races,0-2,Female,Black,1054,0.0398481973434535,806,0.0459057071960298,0.598940379545349,0.0101026758105546,0,NA,NA,0
age_bins,0-2,Female,Indian,1742,0.10849598163031,1100,0.0318181818181818,2.52318967448614e-13,0.999999869928045,514,0,1.24753618503342e-14,1
genders,0-2,Female,Indian,373,0.506702412868633,79,0.443037974683544,0.365857057981372,0.0263645532014459,0,NA,NA,0
races,0-2,Female,Indian,1054,0.179316888045541,806,0.043424317617866,8.64344347331712e-19,0.999999999992567,0,NA,NA,0
age_bins,0-2,Female,Other,942,0.165605095541401,2173,0.0612057063966866,5.31803372965098e-20,0.999999994101173,1666,0,3.84238149263281e-65,1
genders,0-2,Female,Other,276,0.565217391304348,294,0.452380952380952,0.00907982509201064,0.393973849547476,0,NA,NA,0
races,0-2,Female,Other,1054,0.148007590132827,806,0.165012406947891,0.347936968564595,0.0246169140250558,0,NA,NA,0
age_bins,0-2,Female,All,11521,0.0914851141393976,11558,0.0697352483128569,1.49378563586876e-09,0.999077435026325,9220,0,7.42935392717954e-195,1
genders,0-2,Female,All,2121,0.496935407826497,1838,0.438520130576714,0.00027169332059749,0.760580518247772,0,NA,NA,0
age_bins,0-2,Male,White,5547,0.0457905173967911,4746,0.0684787189211968,7.93136998390965e-07,0.977238662758636,5101,0,1.50812818750406e-53,1
genders,0-2,Male,White,549,0.462659380692168,685,0.474452554744526,0.722483165558224,0.00566895375286299,0,NA,NA,0
races,0-2,Male,White,1067,0.23805060918463,1032,0.314922480620155,9.99974217946001e-05,0.835819830399399,0,NA,NA,0
age_bins,0-2,Male,Asian,1644,0.291362530413625,1594,0.29297365119197,0.950452094995273,0.00314782768438182,3546,0,9.27153124901093e-249,1
genders,0-2,Male,Asian,851,0.562867215041128,708,0.659604519774011,0.000122397658560029,0.826639222666087,0,NA,NA,0
races,0-2,Male,Asian,1067,0.44892221180881,1032,0.452519379844961,0.903125481276547,0.00340234766484224,0,NA,NA,0
age_bins,0-2,Male,Black,2337,0.0128369704749679,2130,0.0164319248826291,0.380441796422515,0.024656015553961,2702,0,1.04384112552619e-08,0.999999802265867
genders,0-2,Male,Black,72,0.416666666666667,72,0.486111111111111,0.502959855252412,0.0166673341198364,0,NA,NA,0
races,0-2,Male,Black,1067,0.028116213683224,1032,0.0339147286821705,0.521744064952345,0.0139685184224865,0,NA,NA,0
age_bins,0-2,Male,Indian,2285,0.0805251641137856,1383,0.0318148951554591,4.88340041085348e-09,0.999657575199369,956,0,3.52569080561183e-19,1
genders,0-2,Male,Indian,373,0.493297587131367,79,0.556962025316456,0.365857057981372,0.0263645532014459,0,NA,NA,0
races,0-2,Male,Indian,1067,0.17244611059044,1032,0.0426356589147287,2.4259494824705e-21,0.999999999999467,0,NA,NA,0
age_bins,0-2,Male,Other,768,0.15625,2680,0.0600746268656716,1.68439198915593e-17,0.999999164828787,2528,0,3.52726022053152e-90,1
genders,0-2,Male,Other,276,0.434782608695652,294,0.547619047619048,0.00907982509201064,0.393973849547478,0,NA,NA,0
races,0-2,Male,Other,1067,0.112464854732896,1032,0.156007751937984,0.00417364437768308,0.486722109315076,0,NA,NA,0
age_bins,0-2,Male,All,12581,0.0848104284238137,12533,0.082342615495093,0.494132758496185,0.0119939336123488,14833,0,4.00950666383618e-286,1
genders,0-2,Male,All,2121,0.503064592173503,1838,0.561479869423286,0.00027169332059749,0.76058051824777,0,NA,NA,0
age_bins,0-2,All,White,10221,0.0537129439389492,9285,0.0737749057619817,1.07202557636873e-08,0.997261505792951,9037,0,2.99373345478013e-110,1
races,0-2,All,White,2121,0.258840169731259,1838,0.372687704026115,1.60941908356195e-14,0.99999896627541,0,NA,NA,0
age_bins,0-2,All,Asian,3586,0.237311767986615,3489,0.202923473774721,0.000539653110505844,0.700183403443601,5794,0,0,1
races,0-2,All,Asian,2121,0.401225836869401,1838,0.385201305767138,0.318972884245907,0.0263290584342773,0,NA,NA,0
age_bins,0-2,All,Black,4558,0.0157964019306713,3981,0.0180859080633007,0.462078537300604,0.0158758860801672,3558,0,1.25259510456621e-13,1
races,0-2,All,Black,2121,0.0339462517680339,1838,0.0391730141458107,0.428965389230068,0.0182232440055043,0,NA,NA,0
age_bins,0-2,All,Indian,4027,0.0926247827166625,2483,0.0318163511880789,1.10544342107126e-20,0.999999999999731,1470,0,2.61442742757583e-33,1
races,0-2,All,Indian,2121,0.175860443187176,1838,0.0429815016322089,5.46601427528573e-39,1,0,NA,NA,0
age_bins,0-2,All,Other,1710,0.16140350877193,4853,0.0605810838656501,7.55943249332453e-37,1,4194,0,1.15076110843509e-155,1
races,0-2,All,Other,2121,0.13012729844413,1838,0.159956474428727,0.00877027524756292,0.379650486345356,0,NA,NA,0
age_bins,0-2,All,All,24102,0.0880009957679861,24091,0.0762940517205595,3.11454776918695e-06,0.956811456177822,24053,0,0,1
age_bins,20-29,Female,White,4674,0.239623448866068,4539,0.328045825071602,5.74294297526694e-21,0.999999999950753,3936,0.373221544715447,3.36197471563277e-41,1
genders,20-29,Female,White,2155,0.519721577726218,2280,0.653070175438596,2.51605227651994e-19,0.999999999380564,2993,0.490811894420314,0.0435523557271602,0.178591253453083
races,20-29,Female,White,4484,0.249776984834969,5647,0.263679829998229,0.117195404645093,0.0843409822319157,4073,0.360667812423275,9.08719768932009e-29,1
age_bins,20-29,Female,Asian,1942,0.532955715756952,1895,0.614775725593668,3.56843584466771e-07,0.984713381145513,2248,0.541814946619217,0.587478692861265,0.00852751251672803
genders,20-29,Female,Asian,1455,0.711340206185567,1528,0.762434554973822,0.00175596620579862,0.580616394275693,2923,0.416695176188847,3.7749198802904e-75,1
races,20-29,Female,Asian,4484,0.230820695807315,5647,0.206304232335753,0.00319383813257784,0.49963298767041,4073,0.299042474834274,9.91585834135674e-13,0.999985900786059
age_bins,20-29,Female,Black,2221,0.465105808194507,1851,0.614802809292274,2.05063616489868e-21,0.999999999981134,856,0.445093457943925,0.338162602315239,0.02452778717267
genders,20-29,Female,Black,1950,0.52974358974359,1866,0.609860664523044,6.94392604332457e-07,0.979070855096138,1457,0.26149622512011,1.87902282998309e-55,1
races,20-29,Female,Black,4484,0.230374665477252,5647,0.201522932530547,0.00048148136532394,0.7052043101371,4073,0.0935428431131844,9.51234972694013e-65,1
age_bins,20-29,Female,Indian,1742,0.515499425947187,1100,0.559090909090909,0.0257489549864805,0.242942815482699,514,0.385214007782101,2.70379283531147e-07,0.988232866194506
genders,20-29,Female,Indian,1563,0.574536148432502,846,0.726950354609929,2.07329247194829e-13,0.99999749949943,492,0.402439024390244,3.5610087306084e-11,0.999902599989663
races,20-29,Female,Indian,4484,0.200267618198037,5647,0.108907384451921,1.95162177495101e-37,1,4073,0.0486128161060643,2.68006356039096e-97,1
age_bins,20-29,Female,Other,942,0.422505307855626,2173,0.570639668660838,3.85400980676467e-14,0.999998381875133,1666,0.484393757503001,0.00266250710557944,0.533414082989599
genders,20-29,Female,Other,683,0.582723279648609,1864,0.665236051502146,0.000142416377559505,0.801294785715408,1725,0.467826086956522,4.71046790618835e-07,0.983541880152866
races,20-29,Female,Other,4484,0.0887600356824264,5647,0.219585620683549,2.12811757327384e-70,1,4073,0.198134053523202,1.29089572848694e-47,1
age_bins,20-29,Female,All,11521,0.389202326186963,11558,0.488579338985984,3.66919155782727e-52,1,9220,0.44175704989154,2.42905332211441e-14,0.999998480049931
genders,20-29,Female,All,7806,0.574429925698181,8384,0.673544847328244,1.13568054899117e-38,1,9590,0.424713242961418,8.58165225715167e-86,1
age_bins,20-29,Male,White,5547,0.186587344510546,4746,0.166666666666667,0.00901779012337555,0.372593295974895,5101,0.298764948049402,1.34804642486554e-41,1
genders,20-29,Male,White,2155,0.480278422273782,2280,0.346929824561404,2.51605227651994e-19,0.999999999380564,2993,0.509188105579686,0.0435523557271598,0.178591253453081
races,20-29,Male,White,3322,0.311559301625527,2737,0.289002557544757,0.0606293150911277,0.144310806843554,5517,0.276237085372485,0.00042802309503917,0.713769371229895
age_bins,20-29,Male,Asian,1644,0.255474452554745,1594,0.227728983688833,0.0714903551851992,0.13069666218663,3546,0.480823463056966,4.91502596655438e-53,1
genders,20-29,Male,Asian,1455,0.288659793814433,1528,0.237565445026178,0.00175596620579861,0.580616394275698,2923,0.583304823811153,3.7749198802904e-75,1
races,20-29,Male,Asian,3322,0.126429861529199,2737,0.13262696382901,0.498304122417351,0.0122526071010711,5517,0.309044770708718,4.04072292281468e-84,1
age_bins,20-29,Male,Black,2337,0.392383397518186,2130,0.341784037558685,0.00051871242842831,0.704896343747004,2702,0.398223538119911,0.693634936623234,0.00581443508620526
genders,20-29,Male,Black,1950,0.47025641025641,1866,0.390139335476956,6.94392604332457e-07,0.979070855096137,1457,0.73850377487989,1.87902282998309e-55,1
races,20-29,Male,Black,3322,0.276038531005418,2737,0.265984654731458,0.397156071922599,0.0183031151949866,5517,0.195033532717056,1.36442189907852e-18,0.999999995639669
age_bins,20-29,Male,Indian,2285,0.291028446389497,1383,0.167028199566161,3.41343386263325e-17,0.999999995960633,956,0.307531380753138,0.37000697677884,0.0211204864512139
genders,20-29,Male,Indian,1563,0.425463851567498,846,0.273049645390071,2.07329247194824e-13,0.99999749949943,492,0.597560975609756,3.5610087306084e-11,0.999902599989663
races,20-29,Male,Indian,3322,0.200180614087899,2737,0.0843989769820972,2.15050712724179e-36,1,5517,0.0532898314301251,2.87865845230201e-102,1
age_bins,20-29,Male,Other,768,0.37109375,2680,0.232835820895522,2.53182109845652e-14,0.999995378440539,2528,0.363132911392405,0.719939119860046,0.00550850416585522
genders,20-29,Male,Other,683,0.417276720351391,1864,0.334763948497854,0.000142416377559505,0.801294785715408,1725,0.532173913043478,4.71046790618835e-07,0.983541880152866
races,20-29,Male,Other,3322,0.0857916917519567,2737,0.227986846912678,1.93191725926891e-53,1,5517,0.166394779771615,1.37932788093792e-26,1
age_bins,20-29,Male,All,12581,0.264048962721564,12533,0.218383467645416,3.10768395601565e-17,0.999999980840809,14833,0.37194094249309,9.25493515216879e-81,1
genders,20-29,Male,All,7806,0.425570074301819,8384,0.326455152671756,1.13568054899117e-38,1,9590,0.575286757038582,8.58165225715167e-86,1
age_bins,20-29,All,White,10221,0.210840426572742,9285,0.245557350565428,8.38818608033305e-09,0.997492845844722,9037,0.331193980303198,5.41839612475598e-79,1
races,20-29,All,White,7806,0.276069689982065,8384,0.271946564885496,0.568562918911461,0.0088454111306594,9590,0.312095933263816,2.45968150060924e-07,0.98683548766196
age_bins,20-29,All,Asian,3586,0.40574456218628,3489,0.437947836056177,0.00656218014224029,0.410970285062771,5794,0.504487400759406,1.48743378599678e-20,0.999999999911588
races,20-29,All,Asian,7806,0.186395080707148,8384,0.182251908396947,0.509779563307381,0.0111906546298425,9590,0.304796663190824,1.68605062266039e-71,1
age_bins,20-29,All,Black,4558,0.427819218955682,3981,0.468726450640543,0.000162527164316421,0.79536402580265,3558,0.409499718943227,0.10170705897257,0.0954867636115583
races,20-29,All,Black,7806,0.249807840122982,8384,0.22256679389313,4.86316392651232e-05,0.866823995710478,9590,0.151929092805005,9.65577299710666e-59,1
age_bins,20-29,All,Indian,4027,0.388130121678669,2483,0.340716874748288,0.000132263516291657,0.814662981638577,1470,0.33469387755102,0.000326999376822429,0.753255456984921
races,20-29,All,Indian,7806,0.200230591852421,8384,0.100906488549618,2.82555035603542e-70,1,9590,0.051303441084463,6.11047754316168e-201,1
age_bins,20-29,All,Other,1710,0.399415204678363,4853,0.384092314032557,0.276041952125998,0.0320728239760021,4194,0.411301859799714,0.415750952115545,0.0169086381393493
races,20-29,All,Other,7806,0.087496797335383,8384,0.222328244274809,2.39155256771852e-122,1,9590,0.179874869655892,9.15280025327241e-69,1
age_bins,20-29,All,All,24102,0.32387353746577,24091,0.348013781080071,2.13817604274011e-08,0.995893185242499,24053,0.398702864507546,2.00300254882273e-65,1
age_bins,30-39,Female,White,4674,0.157252888318357,4539,0.136593963428068,0.00561237748479506,0.434105204839433,3936,0.427845528455285,3.82500385597476e-170,1
genders,30-39,Female,White,1746,0.420962199312715,1512,0.41005291005291,0.552230601542506,0.00986493404615216,3635,0.463273727647868,0.00382938873952952,0.483686192726513
races,30-39,Female,White,1865,0.394101876675603,1467,0.422631220177232,0.103364813446358,0.0960694733760975,4022,0.418697165589259,0.0790936161826408,0.11899137962647
age_bins,30-39,Female,Asian,1942,0.0937178166838311,1895,0.0670184696569921,0.00288880033777673,0.533401740285926,2248,0.365213523131673,2.09309138319346e-93,1
genders,30-39,Female,Asian,440,0.413636363636364,345,0.368115942028986,0.221679897616408,0.0474783024225046,1858,0.441872981700754,0.307530264882497,0.0293303111898935
races,30-39,Female,Asian,1865,0.0975871313672922,1467,0.0865712338104976,0.303905488481735,0.0303836350483772,4022,0.20412729985082,6.90267131790383e-24,0.999999999999997
age_bins,30-39,Female,Black,2221,0.277352543899145,1851,0.176121015667207,3.18704410210459e-14,0.999999020653258,856,0.536214953271028,2.92095969002027e-41,1
genders,30-39,Female,Black,1213,0.507831821929101,955,0.341361256544503,1.16930541793986e-14,0.999999405138956,1681,0.273051754907793,7.70819543413021e-38,1
races,30-39,Female,Black,1865,0.33029490616622,1467,0.222222222222222,8.016984507006e-12,0.99996668866617,4022,0.114122327200398,1.95784551511834e-88,1
age_bins,30-39,Female,Indian,1742,0.126865671641791,1100,0.119090909090909,0.579313318657082,0.00948274929427186,514,0.585603112840467,1.39971311297423e-103,1
genders,30-39,Female,Indian,689,0.320754716981132,551,0.237749546279492,0.00158928806056999,0.609362684866532,794,0.379093198992443,0.0219285770731114,0.268766062257625
races,30-39,Female,Indian,1865,0.118498659517426,1467,0.0892978868438991,0.0076886569397389,0.413303760113676,4022,0.0748383888612631,5.53637345859102e-08,0.990319868536512
age_bins,30-39,Female,Other,942,0.117834394904459,2173,0.121030832949839,0.847676088381866,0.00395317374500048,1666,0.45438175270108,2.16315424248574e-68,1
genders,30-39,Female,Other,257,0.431906614785992,884,0.297511312217195,7.35323029868257e-05,0.838449889056323,1767,0.42840973401245,0.969377719968528,0.00316296907584591
races,30-39,Female,Other,1865,0.0595174262734584,1467,0.179277436946149,2.88855287724274e-27,0.999999999999999,4022,0.18821481849826,3.58043776829076e-38,1
age_bins,30-39,Female,All,11521,0.161878309174551,11558,0.126925073542135,4.87172760008472e-14,0.999997871691211,9220,0.436225596529284,0,1
genders,30-39,Female,All,4345,0.429228998849252,4247,0.345420296680009,1.87847110174614e-15,0.999999737288375,9735,0.413148433487417,0.076995361438299,0.118488837962217
age_bins,30-39,Male,White,5547,0.182260681449432,4746,0.187947745469869,0.474350298561115,0.0130721432848246,5101,0.382474024701039,3.62962140289263e-117,1
genders,30-39,Male,White,1746,0.579037800687285,1512,0.58994708994709,0.552230601542506,0.00986493404615216,3635,0.536726272352132,0.00382938873952952,0.483686192726513
races,30-39,Male,White,2480,0.407661290322581,2780,0.320863309352518,7.46887915767869e-11,0.999823794379394,5713,0.341501837913531,1.18801779671596e-08,0.996753639100147
age_bins,30-39,Male,Asian,1644,0.156934306569343,1594,0.136762860727729,0.116208315064103,0.0892135667819566,3546,0.292442188381275,1.31213269051901e-25,1
genders,30-39,Male,Asian,440,0.586363636363636,345,0.631884057971015,0.221679897616408,0.0474783024225052,1858,0.558127018299246,0.307530264882497,0.0293303111898929
races,30-39,Male,Asian,2480,0.104032258064516,2780,0.0784172661870504,0.00145082643010545,0.602807672684774,5713,0.181515841064239,1.3715356091193e-18,0.999999999871645
age_bins,30-39,Male,Black,2337,0.255455712451861,2130,0.295305164319249,0.00320402748732602,0.504753279803069,2702,0.452257586972613,1.71875946312351e-47,1
genders,30-39,Male,Black,1213,0.492168178070899,955,0.658638743455497,1.16930541793984e-14,0.999999405138956,1681,0.726948245092207,7.70819543413021e-38,1
races,30-39,Male,Black,2480,0.240725806451613,2780,0.226258992805755,0.227765992198224,0.0418666858593815,5713,0.213898127078593,0.00792083312133782,0.380291570896825
age_bins,30-39,Male,Indian,2285,0.204814004376368,1383,0.303687635574837,1.63472426528323e-11,0.999902574221875,956,0.515690376569038,1.47034808349172e-69,1
genders,30-39,Male,Indian,689,0.679245283018868,551,0.762250453720508,0.00158928806056999,0.609362684866532,794,0.620906801007557,0.0219285770731114,0.268766062257626
races,30-39,Male,Indian,2480,0.188709677419355,2780,0.151079136690647,0.000318141061370317,0.747004796552199,5713,0.0862944162436548,8.94698970073076e-40,1
age_bins,30-39,Male,Other,768,0.190104166666667,2680,0.231716417910448,0.0166028261520816,0.318152144674839,2528,0.399525316455696,2.73533664488332e-26,1
genders,30-39,Male,Other,257,0.568093385214008,884,0.702488687782805,7.35323029868257e-05,0.838449889056323,1767,0.571590265987549,0.969377719968528,0.00316296907584592
races,30-39,Male,Other,2480,0.0588709677419355,2780,0.223381294964029,1.31086334554979e-63,1,5713,0.176789777699982,7.53865572959246e-45,1
age_bins,30-39,Male,All,12581,0.197122645258723,12533,0.221814409957712,1.64596174936573e-06,0.96726860489038,14833,0.385154722578035,1.42999404923553e-251,1
genders,30-39,Male,All,4345,0.570771001150748,4247,0.654579703319991,1.87847110174614e-15,0.999999737288375,9735,0.586851566512583,0.076995361438299,0.118488837962217
age_bins,30-39,All,White,10221,0.17082477252715,9285,0.162843295638126,0.140660960298507,0.0701904776349238,9037,0.402235255062521,3.90400132536336e-279,1
races,30-39,All,White,4345,0.401841196777906,4247,0.356016011302096,1.3315698606585e-05,0.921006312689213,9735,0.373394966615306,0.00142332116827878,0.592103606468539
age_bins,30-39,All,Asian,3586,0.122699386503067,3489,0.0988822012037833,0.00162654753337383,0.590020435812916,5794,0.320676561960649,7.50761355959319e-104,1
races,30-39,All,Asian,4345,0.10126582278481,4247,0.0812338121026607,0.00144957470985875,0.602845096701531,9735,0.190857729840781,3.79541208127996e-40,1
age_bins,30-39,All,Black,4558,0.26612549363756,3981,0.23988947500628,0.005890048062856,0.426640681076397,3558,0.472456436200112,1.98691148788569e-82,1
races,30-39,All,Black,4345,0.279171461449942,4247,0.224864610313162,7.94980545777549e-09,0.997719404616111,9735,0.172675911658963,3.75513822141677e-47,1
age_bins,30-39,All,Indian,4027,0.171095108020859,2483,0.221908981071285,4.67962885984565e-07,0.979989779140937,1470,0.540136054421769,1.62137757070491e-163,1
races,30-39,All,Indian,4345,0.158573072497123,4247,0.129738639039322,0.000162008316796761,0.799838460992345,9735,0.0815613764766307,7.6295940962162e-43,1
age_bins,30-39,All,Other,1710,0.150292397660819,4853,0.182155367813723,0.00315179044977078,0.531443299155209,4194,0.421316165951359,7.30809361560905e-88,1
races,30-39,All,Other,4345,0.0591484464902186,4247,0.20814692724276,9.30536763682761e-92,1,9735,0.18151001540832,3.04408293258885e-81,1
age_bins,30-39,All,All,24102,0.180275495809476,24091,0.176289900792827,0.25802164886799,0.034039858051147,24053,0.404731218559016,0,1
age_bins,40-49,Female,White,4674,0.076379974326059,4539,0.105309539546156,1.59188841346388e-06,0.969769725434386,3936,0.15599593495935,4.1087144340691e-31,1
genders,40-49,Female,White,1040,0.343269230769231,1102,0.433756805807622,2.16326438621555e-05,0.9088511366675,1898,0.32349841938883,0.294439668484242,0.0300403498546857
races,40-49,Female,White,644,0.554347826086957,718,0.665738161559889,3.20672856467356e-05,0.894511808886564,782,0.785166240409207,2.26856828651721e-20,0.999999999917579
age_bins,40-49,Female,Asian,1942,0.0133882595262616,1895,0.0137203166226913,0.999999999999997,0.00311498367373309,2248,0.0387010676156584,7.48995348738021e-07,0.9900755962577
genders,40-49,Female,Asian,122,0.213114754098361,129,0.201550387596899,0.944080100114018,0.00375729220573023,577,0.150779896013865,0.11784626153579,0.0899811827101911
races,40-49,Female,Asian,644,0.0403726708074534,718,0.0362116991643454,0.796040954703555,0.00549261936492517,782,0.111253196930946,1.34625303023788e-06,0.986442309858789
age_bins,40-49,Female,Black,2221,0.0679873930661864,1851,0.037817396002161,3.15691517095676e-05,0.912854503483078,856,0.0175233644859813,4.6716877161768e-08,0.999804531105814
genders,40-49,Female,Black,376,0.401595744680851,344,0.203488372093023,1.37813192656382e-08,0.998046086266982,362,0.0414364640883978,3.03324966007197e-31,1
races,40-49,Female,Black,644,0.234472049689441,718,0.0974930362116992,1.27054038850196e-11,0.999962129860538,782,0.0191815856777494,4.97843448712966e-36,1
age_bins,40-49,Female,Indian,1742,0.0470723306544202,1100,0.0554545454545455,0.364091349101328,0.0238900182309658,514,0.0291828793774319,0.102421365111375,0.136998771184331
genders,40-49,Female,Indian,459,0.178649237472767,371,0.164420485175202,0.654685106176085,0.00783760621964167,172,0.0872093023255814,0.00669198499735191,0.535174128092055
races,40-49,Female,Indian,644,0.127329192546584,718,0.084958217270195,0.0139611602979368,0.336820032706594,782,0.0191815856777494,1.63617418602817e-15,0.999999983421636
age_bins,40-49,Female,Other,942,0.029723991507431,2173,0.0381960423377819,0.286272873793701,0.0386794301240315,1666,0.0306122448979592,0.993450915747717,0.00323685770436968
genders,40-49,Female,Other,106,0.264150943396226,520,0.159615384615385,0.0151506361246812,0.290965883108494,520,0.0980769230769231,5.83215715193543e-06,0.881922084534836
races,40-49,Female,Other,644,0.0434782608695652,718,0.115598885793872,1.95753298700202e-06,0.98103624542388,782,0.0652173913043478,0.0950049848900466,0.12367475576788
age_bins,40-49,Female,All,11521,0.055897925527298,11558,0.0621214743035127,0.0479140713869096,0.168295578146816,9220,0.0848156182212581,3.60797194500151e-16,0.99999988023227
genders,40-49,Female,All,2103,0.306229196386115,2466,0.291159772911598,0.281275320022967,0.0315793080998299,3529,0.221592519127232,2.00992558848225e-12,0.999971287500577
age_bins,40-49,Male,White,5547,0.123129619614206,4746,0.131479140328698,0.215510400175839,0.0445096800876554,5101,0.251715349931386,3.189821550012e-65,1
genders,40-49,Male,White,1040,0.656730769230769,1102,0.566243194192377,2.16326438621555e-05,0.9088511366675,1898,0.67650158061117,0.294439668484242,0.0300403498546849
races,40-49,Male,White,1459,0.468128855380398,1748,0.356979405034325,2.25714238597323e-10,0.999680063764849,2747,0.467419002548234,0.990861331944973,0.00302795584210042
age_bins,40-49,Male,Asian,1644,0.0583941605839416,1594,0.0646173149309912,0.506714167553191,0.012958367125956,3546,0.138183869148336,4.37348582339325e-17,0.999999999722059
genders,40-49,Male,Asian,122,0.786885245901639,129,0.798449612403101,0.944080100114018,0.00375729220573023,577,0.849220103986135,0.11784626153579,0.0899811827101909
races,40-49,Male,Asian,1459,0.065798492117889,1748,0.0589244851258581,0.465379479190058,0.0152450115043657,2747,0.178376410629778,1.70655926973532e-23,0.999999999999999
age_bins,40-49,Male,Black,2337,0.0962772785622593,2130,0.128638497652582,0.000720037441545519,0.67722574712141,2702,0.128423390081421,0.000395953885064801,0.740339993836797
genders,40-49,Male,Black,376,0.598404255319149,344,0.796511627906977,1.37813192656382e-08,0.998046086266982,362,0.958563535911602,3.03324966007197e-31,1
races,40-49,Male,Black,1459,0.154215215901302,1748,0.15675057208238,0.882080417630439,0.00357441209540848,2747,0.126319621405169,0.01370720183162,0.313760208847346
age_bins,40-49,Male,Indian,2285,0.164989059080963,1383,0.224150397686189,1.04698684141609e-05,0.923688561369204,956,0.164225941422594,0.998811373072918,0.0030413929251233
genders,40-49,Male,Indian,459,0.821350762527233,371,0.835579514824798,0.654685106176085,0.00783760621964176,172,0.912790697674419,0.00669198499735192,0.535174128092053
races,40-49,Male,Indian,1459,0.258396161754626,1748,0.177345537757437,3.24480488402301e-08,0.995212896052729,2747,0.0571532580997452,2.64494492003394e-77,1
age_bins,40-49,Male,Other,768,0.1015625,2680,0.163059701492537,3.21221021317488e-05,0.93253946732532,2528,0.185522151898734,5.90191230818981e-08,0.998152829424845
genders,40-49,Male,Other,106,0.735849056603774,520,0.840384615384615,0.0151506361246812,0.290965883108495,520,0.901923076923077,5.83215715193545e-06,0.881922084534836
races,40-49,Male,Other,1459,0.0534612748457848,1748,0.25,3.58733111279305e-51,1,2747,0.170731707317073,8.73566861132168e-27,1
age_bins,40-49,Male,All,12581,0.115968523964709,12533,0.139471794462619,2.68164743370533e-08,0.995568185890766,14833,0.185195172925234,1.89217207887193e-56,1
genders,40-49,Male,All,2103,0.693770803613885,2466,0.708840227088402,0.281275320022968,0.0315793080998293,3529,0.778407480872768,2.00992558848225e-12,0.999971287500577
age_bins,40-49,All,White,10221,0.101751296350651,9285,0.11868605277329,0.000173266167038459,0.790106605984863,9037,0.210025450923979,2.10317584718139e-96,1
races,40-49,All,White,2103,0.494531621493105,2466,0.446877534468775,0.00143512780530637,0.598702274564047,3529,0.537829413431567,0.00181555452564399,0.570784233226137
age_bins,40-49,All,Asian,3586,0.034021193530396,3489,0.0369733447979364,0.543953401758567,0.0109560601326947,5794,0.0995857783914394,1.13749507848288e-31,1
races,40-49,All,Asian,2103,0.0580123632905373,2466,0.0523114355231144,0.436686279730957,0.0168145210712678,3529,0.163502408614338,5.67678120680636e-31,1
age_bins,40-49,All,Black,4558,0.0824923211935059,3981,0.0864104496357699,0.541212705012732,0.0103695772491479,3558,0.101742551995503,0.00313636486927899,0.504656523578795
races,40-49,All,Black,2103,0.178792201616738,2466,0.139497161394972,0.000327194243751309,0.744589485512081,3529,0.102578634173987,3.40743307824116e-16,0.999999788617375
age_bins,40-49,All,Indian,4027,0.113980630742488,2483,0.149416028997181,3.69792040071144e-05,0.87444710435728,1470,0.117006802721088,0.791983366140802,0.00446357200512295
races,40-49,All,Indian,2103,0.218259629101284,2466,0.150446066504461,3.93199650033962e-09,0.998394616314097,3529,0.0487390195522811,2.12119644528627e-84,1
age_bins,40-49,All,Other,1710,0.0619883040935673,4853,0.107150216361014,5.98599094413203e-08,0.997843305663482,4194,0.123986647591798,3.12704338445763e-12,0.999997621272347
races,40-49,All,Other,2103,0.0504041844983357,2466,0.210867802108678,2.11679238477198e-55,1,3529,0.147350524227827,6.96170613083066e-29,1
age_bins,40-49,All,All,24102,0.0872541697784416,24091,0.102361877879706,1.65023632654812e-08,0.996503412858615,24053,0.146717665156114,1.64708521028073e-91,1
age_bins,50-59,Female,White,4674,0.099058622165169,4539,0.101123595505618,0.767630946423587,0.0046622589235045,3936,0.0208333333333333,1.35252512823363e-49,1
genders,50-59,Female,White,1370,0.337956204379562,1318,0.348254931714719,0.601917329906373,0.00828342770045612,340,0.241176470588235,0.000771477966066955,0.713986658684428
races,50-59,Female,White,673,0.687964338781575,603,0.761194029850746,0.00431435230279071,0.484624408451119,107,0.766355140186916,0.126455706846681,0.101545807120934
age_bins,50-59,Female,Asian,1942,0.0113285272914521,1895,0.00949868073878628,0.689903441719727,0.00820952407058348,2248,0.00667259786476868,0.149632559985063,0.0864732229070036
genders,50-59,Female,Asian,112,0.196428571428571,110,0.163636363636364,0.644819822885021,0.0100244808421621,145,0.103448275862069,0.0540733954492407,0.191145163896156
races,50-59,Female,Asian,673,0.0326894502228826,603,0.0298507462686567,0.896864476711122,0.00427614302906225,107,0.14018691588785,3.94559434962319e-06,0.819477846207854
age_bins,50-59,Female,Black,2221,0.0472760018009905,1851,0.0194489465153971,2.03471288749383e-06,0.980748249855115,856,0.00116822429906542,6.66539886456112e-10,0.999999999765419
genders,50-59,Female,Black,290,0.362068965517241,222,0.162162162162162,8.72950398188022e-07,0.986699165294267,57,0.0175438596491228,5.57957227219864e-07,0.999980307342602
races,50-59,Female,Black,673,0.156017830609212,603,0.0597014925373134,7.07113999321125e-08,0.996648210277901,107,0.00934579439252336,7.47320768612025e-05,0.998533849081551
age_bins,50-59,Female,Indian,1742,0.0430539609644087,1100,0.0336363636363636,0.246913678951921,0.0453409609042092,514,0,3.41016272042424e-06,0.999999958443479
genders,50-59,Female,Indian,404,0.185643564356436,209,0.177033492822967,0.879775994813574,0.00402945381662548,11,0,0.237328366281063,0.479112323305953
races,50-59,Female,Indian,673,0.111441307578009,603,0.0613598673300166,0.00223376971376939,0.596382090167232,107,0,0.000548935524383033,0.999823505218539
age_bins,50-59,Female,Other,942,0.00849256900212314,2173,0.024390243902439,0.0051040643624631,0.633313294569873,1666,0.00540216086434574,0.490970827353712,0.0202676395416433
genders,50-59,Female,Other,49,0.163265306122449,383,0.138381201044386,0.800157543540247,0.00635802102812775,92,0.0978260869565217,0.387167193880424,0.0313762554729336
races,50-59,Female,Other,673,0.011887072808321,603,0.087893864013267,4.91589178721925e-10,0.999945897304482,107,0.0841121495327103,1.10064578888911e-05,0.721549177461797
age_bins,50-59,Female,All,11521,0.0584150681364465,11558,0.052171655995847,0.0407296933989571,0.186208888265462,9220,0.0116052060737527,4.04729964676409e-69,1
genders,50-59,Female,All,2225,0.30247191011236,2242,0.268956289027654,0.0144333609748574,0.312939757573463,645,0.165891472868217,9.4296512330286e-12,0.999992020580284
age_bins,50-59,Male,White,5547,0.163511808184604,4746,0.180994521702486,0.0203965023844867,0.265810934720135,5101,0.0505783179768673,2.25899559597607e-77,1
genders,50-59,Male,White,1370,0.662043795620438,1318,0.651745068285281,0.601917329906373,0.00828342770045612,340,0.758823529411765,0.000771477966066957,0.713986658684427
races,50-59,Male,White,1552,0.584407216494845,1639,0.524100061012813,0.000700429410318344,0.677273912489918,538,0.479553903345725,3.05789143174848e-05,0.892565703469855
age_bins,50-59,Male,Asian,1644,0.0547445255474453,1594,0.0577164366373902,0.771229196420396,0.00507852127523257,3546,0.0366610265087422,0.00334533317042644,0.479399399675043
genders,50-59,Male,Asian,112,0.803571428571429,110,0.836363636363636,0.644819822885022,0.0100244808421621,145,0.896551724137931,0.0540733954492404,0.191145163896155
races,50-59,Male,Asian,1552,0.0579896907216495,1639,0.0561317876754118,0.880899772211079,0.00375900877096782,538,0.241635687732342,1.51691446170014e-32,0.999999999999998
age_bins,50-59,Male,Black,2337,0.0791613179289688,2130,0.0873239436619718,0.350759510251028,0.0238292793992939,2702,0.0207253886010363,6.12467477032068e-22,0.99999999999869
genders,50-59,Male,Black,290,0.637931034482759,222,0.837837837837838,8.72950398188022e-07,0.986699165294267,57,0.982456140350877,5.57957227219865e-07,0.999980307342602
races,50-59,Male,Black,1552,0.119201030927835,1639,0.113483831604637,0.653911568720601,0.00712375599296581,538,0.104089219330855,0.385738519584441,0.0223583364420486
age_bins,50-59,Male,Indian,2285,0.14398249452954,1383,0.124367317425886,0.103747190644568,0.100715024428823,956,0.0115062761506276,6.33803363287426e-29,1
genders,50-59,Male,Indian,404,0.814356435643564,209,0.822966507177033,0.879775994813574,0.00402945381662546,11,1,0.237328366281063,0.479112323305953
races,50-59,Male,Indian,1552,0.211984536082474,1639,0.104942037827944,1.47361593758744e-16,0.999999970452002,538,0.0204460966542751,6.66845587812654e-25,1
age_bins,50-59,Male,Other,768,0.0533854166666667,2680,0.123134328358209,5.52913794753261e-08,0.999207885764439,2528,0.0328322784810127,0.0119603155635046,0.310553999921515
genders,50-59,Male,Other,49,0.836734693877551,383,0.861618798955614,0.800157543540247,0.00635802102812772,92,0.902173913043478,0.387167193880424,0.0313762554729336
races,50-59,Male,Other,1552,0.0264175257731959,1639,0.201342281879195,3.40917040730066e-53,1,538,0.154275092936803,8.9614638867347e-27,0.999999999984533
age_bins,50-59,Male,All,12581,0.123360623161911,12533,0.13077475464773,0.0809817927387937,0.114365185509006,14833,0.0362704779882694,3.48507985658329e-161,1
genders,50-59,Male,All,2225,0.69752808988764,2242,0.731043710972346,0.0144333609748574,0.31293975757346,645,0.834108527131783,9.4296512330286e-12,0.999992020580284
age_bins,50-59,All,White,10221,0.134037765384992,9285,0.141949380721594,0.114065436142093,0.0857312806380939,9037,0.0376231050127255,1.35079120639889e-121,1
races,50-59,All,White,2225,0.615730337078652,2242,0.587867975022301,0.0612873250969735,0.143342565787674,645,0.527131782945736,6.56058068905995e-05,0.851167170240209
age_bins,50-59,All,Asian,3586,0.0312325711098717,3489,0.0315276583548295,0.997623386035227,0.00307354648482513,5794,0.025025888850535,0.0846407243194855,0.11538972889515
races,50-59,All,Asian,2225,0.0503370786516854,2242,0.0490633363068689,0.898927430175172,0.00356588248605112,645,0.224806201550388,4.8895474995808e-42,1
age_bins,50-59,All,Black,4558,0.063624396665204,3981,0.0557648831951771,0.138774287709895,0.0752618862387511,3558,0.0160202360876897,1.27301309537123e-25,1
races,50-59,All,Black,2225,0.130337078651685,2242,0.0990187332738626,0.00120210636363927,0.627049380267627,645,0.0883720930232558,0.00495715246428204,0.520853943270024
age_bins,50-59,All,Indian,4027,0.10032282095853,2483,0.0841723721304873,0.0337066303921483,0.218155609513245,1470,0.00748299319727891,1.77516217781886e-30,1
races,50-59,All,Indian,2225,0.181573033707865,2242,0.0932203389830508,1.37452093004933e-17,0.999999994526607,645,0.0170542635658915,2.56131007624816e-25,1
age_bins,50-59,All,Other,1710,0.0286549707602339,4853,0.0789202555120544,8.59598305111839e-13,0.999999893117023,4194,0.0219360991893181,0.149933500693664,0.0703609531404875
races,50-59,All,Other,2225,0.0220224719101124,2242,0.170829616413916,3.76796265804061e-63,1,645,0.142635658914729,3.55799114396622e-35,0.999999999999993
age_bins,50-59,All,All,24102,0.0923159903742428,24091,0.0930637997592462,0.789207752983707,0.00420528600467212,24053,0.0268157818151582,3.6639059582054e-202,1
age_bins,60-69,Female,White,4674,0.0654685494223363,4539,0.0295219211280018,8.99004793933901e-16,0.999999939736969,3936,0.000508130081300813,2.17970408438991e-58,1
genders,60-69,Female,White,772,0.396373056994819,632,0.212025316455696,1.97368727583253e-13,0.999997698126476,23,0.0869565217391304,0.00536145993752148,0.738870799655778
races,60-69,Female,White,397,0.770780856423174,193,0.694300518134715,0.0573231241407546,0.1600658348816,3,0.666666666666667,0.999999999999999,0.00551211018250907
age_bins,60-69,Female,Asian,1942,0.00669412976313079,1895,0.00844327176781003,0.660625661863648,0.00976181364528724,2248,0.000444839857651246,0.00125038754396501,0.831072002026795
genders,60-69,Female,Asian,76,0.171052631578947,110,0.145454545454545,0.789100291918965,0.00655192038264208,26,0.0384615384615385,0.172005094787509,0.170561577886701
races,60-69,Female,Asian,397,0.0327455919395466,193,0.0829015544041451,0.0146495044287087,0.3233522352867,3,0.333333333333333,0.212916621203123,0.0705653360384008
age_bins,60-69,Female,Black,2221,0.0184601530841963,1851,0.00918422474338196,0.0185454357720309,0.342285367926885,856,0,0.000129989051078984,0.999929880692497
genders,60-69,Female,Black,183,0.224043715846995,120,0.141666666666667,0.102409330221533,0.12654440997066,1,0,0.999999999999999,0
races,60-69,Female,Black,397,0.103274559193955,193,0.0880829015544041,0.664206915575386,0.00887348611462213,3,0,0.999999999999999,0.0330043625618853
age_bins,60-69,Female,Indian,1742,0.0183696900114811,1100,0.0136363636363636,0.416361980288894,0.0235765882554297,514,0,0.00394441868971988,0.992841756988008
genders,60-69,Female,Indian,142,0.225352112676056,111,0.135135135135135,0.0953054869767772,0.135280094800478,0,NA,NA,0
races,60-69,Female,Indian,397,0.0806045340050378,193,0.077720207253886,0.999999999999999,0.0032161925213967,3,0,1,0.0242123758262997
age_bins,60-69,Female,Other,942,0.00530785562632696,2173,0.00506212609295904,0.999999999999996,0.0031118330749064,1666,0,0.0120527406789665,0.729001216840815
genders,60-69,Female,Other,10,0.5,209,0.0526315789473684,2.74865840172401e-06,0.675318108530133,8,0,0.068170207323976,0.634498452358146
races,60-69,Female,Other,397,0.0125944584382872,193,0.0569948186528497,0.004441585949793,0.485372711119562,3,0,0.999999999999999,0.00534102783107048
age_bins,60-69,Female,All,11521,0.0344588143390331,11558,0.0166983907250389,1.80416256798743e-17,0.999999994390654,9220,0.000325379609544469,3.44340131294236e-70,1
genders,60-69,Female,All,1183,0.335587489433643,1182,0.163282571912014,5.68833628270578e-22,0.999999999996322,58,0.0517241379310345,1.22929338856008e-05,0.997513393904389
age_bins,60-69,Male,White,5547,0.0840093744366324,4746,0.104930467762326,0.000321144888034878,0.743768016681491,5101,0.00411683983532641,4.12757461938596e-86,1
genders,60-69,Male,White,772,0.603626943005181,632,0.787974683544304,1.97368727583256e-13,0.999997698126476,23,0.91304347826087,0.00536145993752148,0.738870799655777
races,60-69,Male,White,786,0.592875318066158,989,0.503538928210313,0.000211291783138461,0.786426244309362,55,0.381818181818182,0.00345894986095112,0.532923069790878
age_bins,60-69,Male,Asian,1644,0.0383211678832117,1594,0.0589711417816813,0.00797389143496656,0.412235165634446,3546,0.00705019740552735,1.2225647613131e-15,0.999997930890065
genders,60-69,Male,Asian,76,0.828947368421053,110,0.854545454545454,0.789100291918965,0.00655192038264206,26,0.961538461538462,0.172005094787509,0.170561577886702
races,60-69,Male,Asian,786,0.0801526717557252,989,0.0950455005055612,0.31083887255658,0.0311576077767005,55,0.454545454545455,1.32206448689702e-17,0.999788788219982
age_bins,60-69,Male,Black,2337,0.0607616602481814,2130,0.0483568075117371,0.0796055877359157,0.126809401801635,2702,0.000370096225018505,1.87723040914091e-37,1
genders,60-69,Male,Black,183,0.775956284153005,120,0.858333333333333,0.102409330221533,0.12654440997066,1,1,0.999999999999999,0
races,60-69,Male,Black,786,0.180661577608142,989,0.104145601617796,4.80745917001511e-06,0.950882726395441,55,0.0181818181818182,0.00355342350995326,0.917415952809983
age_bins,60-69,Male,Indian,2285,0.0481400437636762,1383,0.06941431670282,0.00833372593532151,0.381229515526555,956,0,1.07770837560925e-11,1
genders,60-69,Male,Indian,142,0.774647887323944,111,0.864864864864865,0.0953054869767772,0.135280094800478,0,NA,NA,0
races,60-69,Male,Indian,786,0.139949109414758,989,0.0970677451971689,0.00638797253496514,0.428359475159097,55,0,0.0056231697797234,0.994300884449317
age_bins,60-69,Male,Other,768,0.00651041666666667,2680,0.0738805970149254,4.99404244164044e-12,0.999999999968479,2528,0.00316455696202532,0.333595818599144,0.037641276861225
genders,60-69,Male,Other,10,0.5,209,0.947368421052632,2.74865840172401e-06,0.675318108530132,8,1,0.068170207323976,0.634498452358146
races,60-69,Male,Other,786,0.00636132315521628,989,0.200202224469161,8.55094444291942e-37,1,55,0.145454545454545,5.54572354735331e-14,0.932962333137103
age_bins,60-69,Male,All,12581,0.0624751609569986,12533,0.0789116731827974,4.25640023835915e-07,0.983069678252285,14833,0.00370794849322457,1.61379048437538e-173,1
genders,60-69,Male,All,1183,0.664412510566357,1182,0.836717428087986,5.68833628270591e-22,0.999999999996322,58,0.948275862068966,1.22929338856008e-05,0.997513393904389
age_bins,60-69,All,White,10221,0.0755307699833676,9285,0.068066774367259,0.0469592995926519,0.170962866789486,9037,0.00254509239791966,5.20131233475111e-142,1
races,60-69,All,White,1183,0.652578191039729,1182,0.534686971235195,6.84684553426247e-09,0.998039050027005,58,0.396551724137931,0.000129482225921342,0.81264713137065
age_bins,60-69,All,Asian,3586,0.0211935303959844,3489,0.0315276583548295,0.00824512717920579,0.404354817772991,5794,0.00448740075940628,7.49608149168959e-14,0.999996164706136
races,60-69,All,Asian,1183,0.0642434488588335,1182,0.0930626057529611,0.0115092936773381,0.361646023676143,58,0.448275862068966,3.24850307008338e-24,0.999981916958255
age_bins,60-69,All,Black,4558,0.0401491882404563,3981,0.0301431801055011,0.0149068811122585,0.323944521893738,3558,0.000281056773468241,1.22078342849542e-32,1
races,60-69,All,Black,1183,0.15469146238377,1182,0.101522842639594,0.000140860161879752,0.821263230160819,58,0.0172413793103448,0.00721423615763763,0.861107318211342
age_bins,60-69,All,Indian,4027,0.0352619816240377,2483,0.0447039871123641,0.0645092620080233,0.141018731806024,1470,0,6.09024671885219e-13,1
races,60-69,All,Indian,1183,0.120033812341505,1182,0.0939086294416244,0.0467297947004013,0.181723381670775,58,0,0.00952544618270148,0.989094749163859
age_bins,60-69,All,Other,1710,0.00584795321637427,4853,0.0430661446527921,3.08428497548166e-13,0.999999999945959,4194,0.00190748688602766,0.0256903924888618,0.249093099018092
races,60-69,All,Other,1183,0.0084530853761623,1182,0.176818950930626,7.45880230012664e-45,1,58,0.137931034482759,6.87627967789439e-14,0.906864457114153
age_bins,60-69,All,All,24102,0.0490830636461704,24091,0.0490639657963555,0.999999999999986,0.00300136375618884,24053,0.00241134162058787,9.80757592351859e-229,1
genders,All,Female,White,10221,0.457293806868213,9285,0.488852988691438,1.10769916222342e-05,0.92534899591385,9037,0.435542768617904,0.00256773203528154,0.525002426832167
races,All,Female,White,11521,0.405693950177936,11558,0.392715002595605,0.0455406475040577,0.169887004853539,9220,0.426898047722343,0.00217358840437207,0.54414041282416
genders,All,Female,Asian,3586,0.541550474065811,3489,0.543135568930926,0.912465274878736,0.0032614855347273,5794,0.387987573351743,9.56860902216277e-48,1
races,All,Female,Asian,11521,0.168561756791945,11558,0.163955701678491,0.356502662755667,0.0213269639447901,9220,0.243817787418655,6.35815306577011e-41,1
genders,All,Female,Black,4558,0.487275120666959,3981,0.464958553127355,0.0415523560425101,0.1820115002838,3558,0.240584598088814,3.92558655764136e-114,1
races,All,Female,Black,11521,0.192778404652374,11558,0.160148814673819,8.88994493817693e-11,0.999800060681314,9220,0.0928416485900217,7.23060288134629e-90,1
genders,All,Female,Indian,4027,0.432580084430097,2483,0.443012484897302,0.424490058914896,0.0161071203046988,1470,0.349659863945578,3.78091228273428e-08,0.995552316256151
races,All,Female,Indian,11521,0.151202152590921,11558,0.0951721751168022,2.97872387056942e-38,1,9220,0.0557483731019523,1.76163185554195e-106,1
genders,All,Female,Other,1710,0.550877192982456,4853,0.447764269524006,2.58291887701069e-13,0.999994026498879,4194,0.39723414401526,5.65046697048585e-27,0.999999999999997
races,All,Female,Other,11521,0.0817637357868241,11558,0.188008305935283,3.94183443379681e-123,1,9220,0.180694143167028,5.69328027008065e-101,1
genders,All,Female,All,24102,0.478010123641192,24091,0.479764227304803,0.706692464186261,0.00530644028473707,24053,0.383320167962416,1.17669812409091e-97,1
genders,All,Male,White,10221,0.542706193131787,9285,0.511147011308562,1.10769916222335e-05,0.92534899591385,9037,0.564457231382096,0.00256773203528154,0.525002426832167
races,All,Male,White,12581,0.440902948891185,12533,0.378680284050108,1.34842165407666e-23,0.999999999999196,14833,0.343895368435246,1.64475814417957e-60,1
genders,All,Male,Asian,3586,0.458449525934189,3489,0.456864431069074,0.912465274878734,0.00326148553472733,5794,0.612012426648257,9.56860902216277e-48,1
races,All,Male,Asian,12581,0.130673237421509,12533,0.127184233623235,0.420179354935361,0.0161402177238595,14833,0.239061551944988,3.53533467012994e-115,1
genders,All,Male,Black,4558,0.512724879333041,3981,0.535041446872645,0.0415523560425101,0.1820115002838,3558,0.759415401911186,3.92558655764181e-114,1
races,All,Male,Black,12581,0.185756299181305,12533,0.169951328492779,0.00112036255088804,0.620965704395564,14833,0.182161396885323,0.453187102706259,0.01391975935258
genders,All,Male,Indian,4027,0.567419915569903,2483,0.556987515102698,0.424490058914898,0.0161071203046984,1470,0.650340136054422,3.78091228273424e-08,0.995552316256151
races,All,Male,Indian,12581,0.18162308242588,12533,0.110348679486157,1.95131050069472e-57,1,14833,0.0644508865367761,9.87028803567771e-197,1
genders,All,Male,Other,1710,0.449122807017544,4853,0.552235730475994,2.58291887701069e-13,0.999994026498879,4194,0.60276585598474,5.65046697048577e-27,0.999999999999997
races,All,Male,Other,12581,0.0610444320801208,12533,0.213835474347722,8.34929699564668e-271,1,14833,0.170430796197667,2.95384673469844e-169,1
genders,All,Male,All,24102,0.521989876358808,24091,0.520235772695197,0.706692464186261,0.00530644028473707,24053,0.616679832037584,1.17669812409091e-97,1
races,All,All,White,24102,0.424072691062982,24091,0.385413639948529,5.83031037990688e-18,0.999999993260332,24053,0.375711969400906,2.69920394944394e-27,0.999999999999998
races,All,All,Asian,24102,0.148784333250353,24091,0.144825868581628,0.224429986316861,0.0409424804616554,24053,0.240884712925623,1.74865470854454e-143,1
races,All,All,Black,24102,0.189112936685752,24091,0.165248433024781,7.46284267220214e-12,0.999951153565471,24053,0.147923335966408,1.70549418552914e-33,1
races,All,All,Indian,24102,0.167081569994191,24091,0.103067535594205,8.84104105152223e-94,1,24053,0.0611150376252442,1.89731917602974e-292,1
races,All,All,Other,24102,0.0709484690067214,24091,0.201444522850857,0,1,24053,0.174364944081819,4.64220477254795e-262,1
